{
  "logistic_no_leak": {
    "auc": 0.8101199687098266,
    "ap": 0.6579892361177317
  },
  "xgb_no_leak": {
    "auc": 0.8188948439933819,
    "ap": 0.7002980393832837
  }
}