{
  "logistic": {
    "auc": 0.9978303014025637,
    "ap": 0.9966282986718324
  },
  "xgboost": {
    "auc": 1.0,
    "ap": 1.0
  },
  "mlp": {
    "auc": 0.9996574262970012,
    "ap": 0.9993742850646239
  }
}