{
  "base_log": {
    "auc": 0.7639137220011686,
    "ap": 0.755118341352283
  },
  "base_xgb": {
    "auc": 0.7724907139651556,
    "ap": 0.7753226551666634
  },
  "stack_meta": {
    "auc": 0.7392005867358455,
    "ap": 0.7342391037808909
  }
}